,Attribute
0,zip
1,sector
2,fullTimeEmployees
3,longBusinessSummary
4,city
5,phone
6,state
7,country
8,companyOfficers
9,website
10,maxAge
11,address1
12,industry
13,previousClose
14,regularMarketOpen
15,twoHundredDayAverage
16,trailingAnnualDividendYield
17,payoutRatio
18,volume24Hr
19,regularMarketDayHigh
20,navPrice
21,averageDailyVolume10Day
22,totalAssets
23,regularMarketPreviousClose
24,fiftyDayAverage
25,trailingAnnualDividendRate
26,open
27,toCurrency
28,averageVolume10days
29,expireDate
30,yield
31,algorithm
32,dividendRate
33,exDividendDate
34,beta
35,circulatingSupply
36,startDate
37,regularMarketDayLow
38,priceHint
39,currency
40,trailingPE
41,regularMarketVolume
42,lastMarket
43,maxSupply
44,openInterest
45,marketCap
46,volumeAllCurrencies
47,strikePrice
48,averageVolume
49,priceToSalesTrailing12Months
50,dayLow
51,ask
52,ytdReturn
53,askSize
54,volume
55,fiftyTwoWeekHigh
56,forwardPE
57,fromCurrency
58,fiveYearAvgDividendYield
59,fiftyTwoWeekLow
60,bid
61,tradeable
62,dividendYield
63,bidSize
64,dayHigh
65,exchange
66,shortName
67,longName
68,exchangeTimezoneName
69,exchangeTimezoneShortName
70,isEsgPopulated
71,gmtOffSetMilliseconds
72,quoteType
73,symbol
74,messageBoardId
75,market
76,annualHoldingsTurnover
77,enterpriseToRevenue
78,beta3Year
79,profitMargins
80,enterpriseToEbitda
81,52WeekChange
82,morningStarRiskRating
83,forwardEps
84,revenueQuarterlyGrowth
85,sharesOutstanding
86,fundInceptionDate
87,annualReportExpenseRatio
88,bookValue
89,sharesShort
90,sharesPercentSharesOut
91,fundFamily
92,lastFiscalYearEnd
93,heldPercentInstitutions
94,netIncomeToCommon
95,trailingEps
96,lastDividendValue
97,SandP52WeekChange
98,priceToBook
99,heldPercentInsiders
100,nextFiscalYearEnd
101,mostRecentQuarter
102,shortRatio
103,sharesShortPreviousMonthDate
104,floatShares
105,enterpriseValue
106,threeYearAverageReturn
107,lastSplitDate
108,lastSplitFactor
109,legalType
110,lastDividendDate
111,morningStarOverallRating
112,earningsQuarterlyGrowth
113,dateShortInterest
114,pegRatio
115,lastCapGain
116,shortPercentOfFloat
117,sharesShortPriorMonth
118,category
119,fiveYearAverageReturn
120,regularMarketPrice
121,logo_url
